keyword,location,page,position,company,listingURL,jobTitle,jobDescription
software engineer,California,1,4,DataAnnotation,https://www.indeed.com/m/basecamp/viewjob?viewtype=embedded&jk=430611d4c930ac98,Software Developer - AI Trainer (Contract),"<p>DataAnnotation is committed to creating quality AI. Join our team to help train AI chatbots while gaining the flexibility of remote work and choosing your own schedule.</p>
<p>We are looking for a proficient <b>programmer</b> to join our team to train our AI chatbots to code. You will work with the chatbots that we are building in order to measure their progress, as well as write and evaluate code.</p>
<p>In this role you will need to be proficient in at least one programming language (Python, JavaScript, HTML, C++, C# and SQL) and able to solve coding problems (think LeetCode, HackerRank, etc). For each coding problem, you must be able to explain how your solution solves the problem.</p>
<p>Benefits:</p>
<ul>
 <li>This is a full-time or part-time REMOTE position</li>
 <li>You’ll be able to choose which projects you want to work on</li>
 <li>You can work on your own schedule</li>
 <li>Projects are paid hourly, starting at $30 USD per hour, with bonuses for high-quality and high-volume work</li>
</ul>
<p>Responsibilities:</p>
<ul>
 <li>Come up with diverse problems and solutions for a coding chatbot</li>
 <li>Write high-quality answers and code snippets</li>
 <li>Evaluate code quality produced by AI models for correctness and performance</li>
</ul>
<p>Qualifications:</p>
<ul>
 <li>Fluency in English (native or bilingual)</li>
 <li>Proficient in at least one programming language (Python, JavaScript, HTML, C++, C# and SQL)</li>
 <li>Excellent writing and grammar skills</li>
 <li>A bachelor's degree (completed or in progress)</li>
 <li>Previous experience as a Software Developer, Coder, Software Engineer, or Programmer</li>
</ul>
<p>Note: Data Annotation payment is made via PayPal. We will never ask for any money from you. PayPal will handle any currency conversions from USD. If you are applying from any country outside of the US, Canada, the UK, Ireland, Australia, or New Zealand and sign up, please note that you will NOT receive a link as we are NOT taking applicants outside of those countries at this time. If you are applying from within those countries, it is possible to experience a 2 week delay, as we are currently receiving a significant number of applications, and work and pay can fluctuate based on project availability and the skillsets found in the assessment.</p>
<p>Job Type: Contract</p>
<p>Pay: $30.00 per hour</p>
<p>Expected hours: 1 – 40 per week</p>
<p>Schedule:</p>
<ul>
 <li>Choose your own hours</li>
</ul>
<p>Work Location: Remote</p>"
software engineer,California,6,14,TikTok,https://www.indeed.com/m/basecamp/viewjob?viewtype=embedded&jk=021d37305be7640a,"Junior Backend Software Engineer, Global CRM Platform","Responsibilities 
<br>TikTok is the leading destination for short-form mobile video. Our mission is to inspire creativity and bring joy. TikTok has global offices including Los Angeles, New York, London, Paris, Berlin, Dubai, Singapore, Jakarta, Seoul and Tokyo. 
<br>
<br> Why Join Us 
<br>Creation is the core of TikTok's purpose. Our platform is built to help imaginations thrive. This is doubly true of the teams that make TikTok possible. 
<br>Together, we inspire creativity and bring joy - a mission we all believe in and aim towards achieving every day. 
<br>To us, every challenge, no matter how difficult, is an opportunity; to learn, to innovate, and to grow as one team. Status quo? Never. Courage? Always. 
<br>At TikTok, we create together and grow together. That's how we drive impact - for ourselves, our company, and the communities we serve. 
<br>Join us. 
<br>
<br> The goal of the Customer Growth team is to build a stable, flexible and intelligent CRM platform, improve commercialization efficiency and client satisfaction. We are seeking self-motivated Software Engineers to develop an excellent platform for our clients and sales all over the world. 
<br>
<br> Leveraging your knowledge of CRM system architecture, you'll work hands on in a fast paced environment to engineer solutions and actionable recommendations to develop TikTok's proprietary CRM into an enterprise grade, market leading platform. You'll work alongside a global team of product managers located in TikTok's major markets to build innovative sales, marketing and analytics tools to increase user adoption and satisfaction. 
<br>
<br> 
<b>In this role, you will work on:</b>
<br> 1. Backend development of ByteDance's proprietary CRM platform. 
<br>2. Turn ByteDance's proprietary CRM into an enterprise-ready, market-leading SaaS platform leveraging best practices from the industry. 
<br>3. Understand users' personalized requests and come up with scalable technical solutions. 
<br>4. CRM system operation and maintenance. 
<br>Qualifications 
<br>1. Bachelor's degree or above in computer science or related fields. 
<br>2. 2+ years of experience building scalable systems. 
<br>3. Professional experience with Java is preferred. 
<br>4. Professional experience with Spring Boot and/or other Microservice frameworks is preferred 
<br>5. Professional experience with relational databases (MySQL, Postgres etc) is preferred 
<br>6. Familiarity with Elastic Search and key/value stores (Redis, Memcached etc) is a plus 
<br>7. Familiarity with Message Queue (Kafka, RabbitMQ, RocketMQ etc) is a plus 
<br>8. Familiarity with CRM platforms and Ad Sales automated processes is a plus. 
<br>
<br> TikTok is committed to creating an inclusive space where employees are valued for their skills, experiences, and unique perspectives. Our platform connects people from across the globe and so does our workplace. At TikTok, our mission is to inspire creativity and bring joy. To achieve that goal, we are committed to celebrating our diverse voices and to creating an environment that reflects the many communities we reach. We are passionate about this and hope you are too. 
<br>
<br> TikTok is committed to providing reasonable accommodations in our recruitment processes for candidates with disabilities, pregnancy, sincerely held religious beliefs or other reasons protected by applicable laws. If you need assistance or a reasonable accommodation, please reach out to us at tt.accommodations@tiktok.com. 
<br>Job Information 
<br>The base salary range for this position in the selected city is $112000 - $177000 annually. 
<br>
<br> ​ 
<br>
<br> Compensation may vary outside of this range depending on a number of factors, including a candidate’s qualifications, skills, competencies and experience, and location. Base pay is one part of the Total Package that is provided to compensate and recognize employees for their work, and this role may be eligible for additional discretionary bonuses/incentives, and restricted stock units. 
<br>
<br> ​ 
<br>
<br> Our company benefits are designed to convey company culture and values, to create an efficient and inspiring work environment, and to support our employees to give their best in both work and life. We offer the following benefits to eligible employees: 
<br>
<br> ​ 
<br>
<br> We cover 100% premium coverage for employee medical insurance, approximately 75% premium coverage for dependents and offer a Health Savings Account(HSA) with a company match. As well as Dental, Vision, Short/Long term Disability, Basic Life, Voluntary Life and AD&amp;D insurance plans. In addition to Flexible Spending Account(FSA) Options like Health Care, Limited Purpose and Dependent Care. 
<br>
<br> ​ 
<br>
<br> 
<b>Our time off and leave plans are:</b> 10 paid holidays per year plus 17 days of Paid Personal Time Off (PPTO) (prorated upon hire and increased by tenure) and 10 paid sick days per year as well as 12 weeks of paid Parental leave and 8 weeks of paid Supplemental Disability. 
<br>
<br> ​ 
<br>
<br> We also provide generous benefits like mental and emotional health benefits through our EAP and Lyra. A 401K company match, gym and cellphone service reimbursements. The Company reserves the right to modify or change these benefits programs at any time, with or without notice."
software engineer,California,5,14,Lockheed Martin Corporation,https://www.indeed.com/m/basecamp/viewjob?viewtype=embedded&jk=bccb5b24b457fdb2,Software Engineer - Skunk Works - Level 4,"<div>
 <p><b>JOB ID:</b> 657842BR</p> 
 <p><b>Date posted:</b> Dec. 04, 2023</p> 
 <br> 
 <p><b>Description:</b></p>Become a Skunk and define the future by developing disruptive solutions that combine autonomy, stealth technology, open systems architectures, and manned/unmanned teaming capabilities to solve the most critical national security challenges today. Push the boundaries of what’s possible to quickly design, develop and test innovative solutions that provide lifesaving intelligence for the warfighter. At Lockheed Martin Skunk Works, nothing is impossible. Our scientists and engineers tackle some of the world’s hardest problems every day to pioneer radical approaches to groundbreaking advanced technology concepts.
 <br> 
 <br> As a staff software engineer, you will contribute to the full development lifecycle, including requirements generation, software design, implementation, integration, and flight test. You'll develop next generation cockpit software and avionics services, to include ground station development as well as mission systems software technologies. Participate in end-to-end integration activities including a multitude of host systems, such as live assets of varying capability and structure, simulated systems, and laboratory environments with constructive simulations, physical hardware, and system simulations.
 <br> 
 <br> ***Must be a US Citizen. This position is located at a facility that requires special access and a Secret clearance to be considered.***
 <br> 
 <br> 
 <p><b>What’s In It For You</b></p>
 <br> Our employees play an active role in strengthening the quality of life where we live and work by volunteering more than 850,000 hours annually. Here are some of the benefits you can enjoy:
 <br> 
 <br> 
 <ul>
  <li>Medical</li>
  <li>Dental</li>
  <li>401k</li>
  <li>Paid time off</li>
  <li>Work/life balance (every Friday off work!)</li>
  <li>Career development</li>
  <li>Mentorship opportunities</li>
  <li>Rewards and recognition</li>
 </ul>
 <br> 
 <br> This position is in Palmdale, CA Discover Palmdale.
 <br> 
 <br> EngineeringAeronautics
 <br> AeroSoftware
 <br> aerocombatsystems
 <br> aeroembedded
 <br> 
 <p><b>Basic Qualifications:</b></p>
 <br> 
 <ul>
  <li>Bachelor's degree or above from an accredited college in a STEM discipline, or equivalent experience/combined education.</li>
  <li>Experience programming in C/C++ and Lua and Bash scripting</li>
  <li>Knowledge of network protocols, such as UDP, TCP, IGMP</li>
 </ul>
 <br> ***Must be a US Citizen. This position is located at a facility that requires special access and a Secret clearance to be considered.***
 <br> 
 <p><b>Desired Skills:</b></p>
 <br> 
 <ul>
  <li>Knowledge of Payload Simulations</li>
  <li>Experience with AFSIM, EADSIM, and familiarity with DIS</li>
  <li>Both Windows and Linux development environments </li>
  <li>Development of real-time systems or use of real-time operating systems (RTOS)</li>
  <li>Worked or developed models and simulations for hw</li>
  <li>Familiarity with Git, GitLab, Jira, and other SW collaboration tools</li>
  <li>Integration and Test in hardware and software environments</li>
  <li>Agile methodologies / working in an Agile development team</li>
  <li>Ability to travel as needed</li>
 </ul>
 <p><b> Security Clearance Statement:</b></p>This position requires a government security clearance, you must be a US Citizen for consideration.
 <br> 
 <p><b>Clearance Level:</b></p>TS/SCI
 <br> 
 <p><b>Other Important Information You Should Know</b></p>
 <br> 
 <p><b>Expression of Interest:</b></p>By applying to this job, you are expressing interest in this position and could be considered for other career opportunities where similar skills and requirements have been identified as a match. Should this match be identified you may be contacted for this and future openings.
 <br> 
 <p><b>Ability to Work Remotely:</b></p>Onsite Full-time: The work associated with this position will be performed onsite at a designated Lockheed Martin facility.
 <br> 
 <p><b>Work Schedules:</b></p>Lockheed Martin supports a variety of alternate work schedules that provide additional flexibility to our employees. Schedules range from standard 40 hours over a five day work week while others may be condensed. These condensed schedules provide employees with additional time away from the office and are in addition to our Paid Time off benefits.
 <br> 
 <p><b>Schedule for this Position:</b></p>4x10 hour day, 3 days off per week
 <br> 
 <p><b>Pay Rate:</b></p>
 <br> The annual base salary range for this position in California and New York (excluding most major metropolitan areas), Colorado, or Washington is $105,000 - $201,100. Please note that the salary information is a general guideline only. Lockheed Martin considers factors such as (but not limited to) scope and responsibilities of the position, candidate's work experience, education/ training, key skills as well as market and business considerations when extending an offer.
 <br> 
 <p><b>Benefits offered:</b></p> Medical, Dental, Vision, Life Insurance, Short-Term Disability, Long-Term Disability, 401(k) match, Flexible Spending Accounts, EAP, Education Assistance, Parental Leave, Paid time off, and Holidays.
 <br> (Washington state applicants only) Non-represented full time employees: accrue 10 hours per month of Paid Time Off (PTO); receive 40 hours of Granted PTO annually for incidental absences; receive at least 90 hours for holidays. Represented full time employees accrue 6.67 hours of PTO per month; accrue up to 52 hours of sick leave annually; receive at least 96 hours for holidays. PTO is prorated based on hours worked and start date during the calendar year.
 <br> This position is incentive plan eligible.
 <br> 
 <p><b>Pay Rate:</b></p>
 <br> The annual base salary range for this position in most major metropolitan areas in California and New York is $120,700 - $227,400. Please note that the salary information is a general guideline only. Lockheed Martin considers factors such as (but not limited to) scope and responsibilities of the position, candidate’s work experience, education/ training, key skills as well as market and business considerations when extending an offer.
 <br> 
 <p><b>Benefits offered:</b></p> Medical, Dental, Vision, Life Insurance, Short-Term Disability, Long-Term Disability, 401(k) match, Flexible Spending Accounts, EAP, Education Assistance, Parental Leave, Paid time off, and Holidays.
 <br> This position is incentive plan eligible.
 <br> 
 <p><b>Lockheed Martin is an Equal Opportunity/Affirmative Action Employer. All qualified applicants will receive consideration for employment without regard to race, color, religion, sex, pregnancy, sexual orientation, gender identity, national origin, age, protected veteran status, or disability status.</b></p>
 <br> Join us at Lockheed Martin, where your mission is ours. Our customers tackle the hardest missions. Those that demand extraordinary amounts of courage, resilience and precision. They’re dangerous. Critical. Sometimes they even provide an opportunity to change the world and save lives. Those are the missions we care about.
 <br> 
 <br> As a leading technology innovation company, Lockheed Martin’s vast team works with partners around the world to bring proven performance to our customers’ toughest challenges. Lockheed Martin has employees based in many states throughout the U.S., and Internationally, with business locations in many nations and territories.
 <br> 
 <p><b>Experience Level:</b></p>Experienced Professional
 <br> 
 <p><b>Business Unit:</b></p>AERONAUTICS COMPANY
 <br> 
 <p><b>Relocation Available:</b></p>Possible
 <br> 
 <p><b>Career Area:</b></p>Software Engineering
 <br> 
 <p><b>Type:</b></p>Full-Time
 <br> 
 <p><b>Shift:</b></p>First
</div> 
<br>
<div>
 <p>At Lockheed Martin, we apply our passion for purposeful innovation to keep people safe and solve the world's most complex challenges.</p> 
 <p><b>Mission-Focused Innovation:</b> From aerospace to outer space to cyber space, you can solve the world's most complex challenges for our customers.</p> 
 <p><b>Foundational Values:</b> Our culture of performance excellence, ethics, teamwork and inclusion is embedded in everything we do.</p> 
 <p><b>Diverse Career Opportunities with Meaningful Work:</b> Grow your career and skills for life. Our technology-driven learning platforms and programs enable your development and agility.</p> 
 <p><b>Your Health, Your Wealth, Your Life:</b> Our flexible schedules, competitive pay and comprehensive benefits enable you to live a healthy, fulfilling life at and outside of work.</p> 
 <p><b>Empowered to Be Your Best:</b> Use your strengths to make a difference in the lives of one another, our customers, our communities and our planet.</p> 
 <p><b>Commitment to Sustainability:</b> We foster innovation, integrity and security to preserve the environment, strengthen diverse communities and propel growth.</p> 
 <p>Here, the possibilities are endless because we offer:</p> 
 <div></div>
 <ul>
  <div>
   Flexible Schedules, dependent on role
  </div> 
  <div></div>
  <div>
   Levels: Student, Entry, Mid, Senior, Management
  </div> 
  <div></div>
  <div>
   Locations: Nationwide &amp; OCONUS Positions
  </div>
 </ul>
</div>"
software engineer,California,5,13,SpaceX,https://www.indeed.com/m/basecamp/viewjob?viewtype=embedded&jk=1211805982e0bbd5,Software Engineer (Starlink),"<div>
 <p>SpaceX was founded under the belief that a future where humanity is out exploring the stars is fundamentally more exciting than one where we are not. Today SpaceX is actively developing the technologies to make this possible, with the ultimate goal of enabling human life on Mars.</p> 
 <p><b> SOFTWARE ENGINEER (STARLINK)</b></p> 
 <p> At SpaceX we're leveraging our experience in building rockets and spacecraft to deploy Starlink, the world's most advanced broadband internet system. Starlink is the world's largest satellite constellation and is providing fast, reliable internet to 2M+ users worldwide. We design, build, test, and operate all parts of the system – thousands of satellites, consumer receivers that allow users to connect within minutes of unboxing, and the software that brings it all together. We've only begun to scratch the surface of Starlink's potential global impact and are looking for best-in-class engineers to help maximize Starlink's utility for communities and businesses around the globe.</p> 
 <p> As a Software Engineer on the Starlink program, you will be solving challenges underpinning ever aspect of the program's growth. The areas you could have an impact on could include, but are not limited to, building:</p> 
 <ul> 
  <li>Next generation networking technologies to direct data through an ever-changing network of satellites, ground stations, and users.</li> 
  <li>Firmware, embedded and controls software running on custom hardware that flies the world's largest fleet of spacecraft.</li> 
  <li>Infrastructure and tools to enable rapid development and reliable deployment of our code to dynamic production environments.</li> 
  <li>Measurement system software and hardware, supporting our in-house RF Silicon designs.</li> 
 </ul> 
 <p>Our software engineers are responsible for the complete lifecycle of the software they create, including development, testing, and support.</p> 
 <p><b> RESPONSIBILITIES:</b></p> 
 <ul> 
  <li>Develop highly reliable and available software systems for our low latency, high capacity satellite-based global software defined network.</li> 
  <li>Design and implement highly available, fault-tolerant network that operates for long periods of time with minimal maintenance at scale.</li> 
  <li>Participate in architecture, design, and code reviews.</li> 
  <li>Develop prototypes to prove out key design concepts and quantify technical constraints.</li> 
  <li>Collaborate with other engineers to plan and organize the development of our products.</li> 
 </ul> 
 <p>There are several sub-teams within Starlink software with different focus areas. Applicants will interview for specific teams based on hiring needs and qualifications. Specific team responsibilities might include:</p> 
 <ul> 
  <li>Write high quality Linux based software for common processors and microcontrollers (e.g. ARM, PowerPC, x86, etc.).</li> 
  <li>Invent new tools that enable more frequent and reliable software deployment, test execution, and data analysis as part of a continuous integration and release system.</li> 
  <li>Develop tools that allow for test execution across multiple environments: virtualized hardware, real hardware-in-the-loop simulations, and on-orbit testing.</li> 
 </ul> 
 <p><b>BASIC QUALIFICATIONS:</b></p> 
 <ul> 
  <li>Bachelor's degree in computer science, engineering, math, or science discipline (STEM).</li> 
  <li>1+ Year of professional software development experience in C, C++, Python, or mobile development languages.</li> 
 </ul> 
 <p><b>PREFERRED SKILLS AND EXPERIENCE:</b></p> 
 <ul> 
  <li>Developed, debugged and deployed software that has been used in real world applications/projects.</li> 
  <li>Creative approach to problem solving, exceptional analytical skills and engineering fundamentals.</li> 
  <li>Solid fundamental knowledge of networks, electronics, math, and physics.</li> 
  <li>Strong skills in debugging, performance optimization, and unit testing.</li> 
  <li>Excellent communication skills both written and verbal.</li> 
  <li>Ability to work effectively in a dynamic environment with changing needs and requirements.</li> 
 </ul> 
 <p>Some preferred skills and experience depend on the specific team within Starlink software, and may include:</p> 
 <ul> 
  <li>Experience with networking protocols (UDP, TCP/IP, etc.).</li> 
  <li>Experience in C++ for high performance systems.</li> 
  <li>Experience with security issues associated with distributed systems and internet services.</li> 
  <li>Deep understanding of testing, continuous integration, build, deployment &amp; continuous monitoring.</li> 
 </ul> 
 <p><b>ADDITIONAL REQUIREMENTS:</b></p> 
 <ul> 
  <li>Must be willing to work extended hours and weekends as needed.</li> 
 </ul> 
 <p><b>COMPENSATION AND BENEFITS:</b><br> <br> Pay range:<br> Software Engineer/Level I: $130,000.00 - $155,000.00/per year<br> Software Engineer/Level II: $150,000.00 - $180,000.00/per year<br> <br> Your actual level and base salary will be determined on a case-by-case basis and may vary based on the following considerations: job-related knowledge and skills, education, and experience.</p> 
 <p> Base salary is just one part of your total rewards package at SpaceX. You may also be eligible for long-term incentives, in the form of company stock, stock options, or long-term cash awards, as well as potential discretionary bonuses and the ability to purchase additional stock at a discount through an Employee Stock Purchase Plan. You will also receive access to comprehensive medical, vision, and dental coverage, access to a 401(k)-retirement plan, short &amp; long-term disability insurance, life insurance, paid parental leave, and various other discounts and perks. You may also accrue 3 weeks of paid vacation &amp; will be eligible for 10 or more paid holidays per year. Exempt employees are eligible for 5 days of sick leave per year.</p> 
 <p><b> ITAR REQUIREMENTS:</b></p> 
 <ul> 
  <li>To conform to U.S. Government export regulations, applicant must be a (i) U.S. citizen or national, (ii) U.S. lawful, permanent resident (aka green card holder), (iii) Refugee under 8 U.S.C. § 1157, or (iv) Asylee under 8 U.S.C. § 1158, or be eligible to obtain the required authorizations from the U.S. Department of State. Learn more about the ITAR here.</li> 
 </ul> 
 <p>SpaceX is an Equal Opportunity Employer; employment with SpaceX is governed on the basis of merit, competence and qualifications and will not be influenced in any manner by race, color, religion, gender, national origin/ethnicity, veteran status, disability status, age, sexual orientation, gender identity, marital status, mental or physical disability or any other legally protected status.</p> 
 <p> Applicants wishing to view a copy of SpaceX's Affirmative Action Plan for veterans and individuals with disabilities, or applicants requiring reasonable accommodation to the application/interview process should notify the Human Resources Department at (310) 363-6000.</p>
</div>"
software engineer,California,5,12,Apple,https://www.indeed.com/m/basecamp/viewjob?viewtype=embedded&jk=7128a21b25c34708,Motion Software Engineer,"<div>
 <b>Summary</b>
 <br> 
 <br> Posted: Jul 17, 2023 
 <br> 
 <br> Weekly Hours: 
 <b>40</b> 
 <br> 
 <br> Role Number:
 <b>200470940</b>
 <br> 
 <br> The CoreMotion team has built innovative ways for users to improve their health with their devices through motion. When you exercise and move with your devices, it's the work of engineers and scientists on this team. Join CoreMotion and work with people who have crafted movement and health technologies. As a member of our dynamic group, you will have the unique and rewarding opportunity to shape upcoming products that will delight and inspire millions of Apple's customers every single day. 
 <br> 
 <br> 
 <b>Key Qualifications</b>
 <br> 
 <br> Key Qualifications
 <br> 
 <br> 
 <br> 
 <ul>
  <li>Developed C/C++ or ObjC code for a shipping product in a peer reviewed environment. </li>
  <li>Demonstrated ability to break down complex requirements into orthogonal and independent components for the purpose of building composable software. </li>
  <li>Experience with software designs where logic/behaviors crosses thread, process, and machine boundaries. </li>
  <li>Implemented signals processing, statistical modeling, and/or machine learning algorithms to run on platforms with limited compute and memory. </li>Employed usage of higher level languages (e.g. python, matlab) and posix utilities to expedite common computing tasks. 
 </ul>
 <br> 
 <br> 
 <b>Description</b>
 <br> 
 <br> Description 
 <br> 
 <br> The Motion Technologies team delivers Health, Fitness, and Safety features for Apple Watch, iPhones and other Apple products. We are looking for software engineers who care deeply about their craft to join our team. The roles and responsibilities include scoping, designing, implementing the software stack for Health, Fitness, and Safety algorithms, optimizing implementations for power, memory and performance, and coordinating closely with multi-disciplinary teams across the company. You will work with scientists, engineers, QA, and project managers throughout the software lifecycle in successfully delivering best-in-class secure and scalable systems. Most importantly, you will help ship features that impact millions of users on a daily basis. 
 <br> 
 <br> 
 <b>Education &amp; Experience</b>
 <br> 
 <br> Education &amp; Experience 
 <br> 
 <br> Bachelor's or Master’s degree in Computer Science, EECS, or equivalent experience. 
 <br> 
 <br> 
 <b>Additional Requirements</b>
 <br> 
 <br> Additional Requirements 
 <br> 
 <br> 
 <b>Pay &amp; Benefits</b>
 <br> 
 <br> Pay &amp; Benefits
 <br> 
 <br> 
 <br> 
 <ul>
  <li>At Apple, base pay is one part of our total compensation package and is determined within a range. This provides the opportunity to progress as you grow and develop within a role. The base pay range for this role is between $138,900 and $208,300, and your base pay will depend on your skills, qualifications, experience, and location.<br> <br> Apple employees also have the opportunity to become an Apple shareholder through participation in Apple’s discretionary employee stock programs. Apple employees are eligible for discretionary restricted stock unit awards, and can purchase Apple stock at a discount if voluntarily participating in Apple’s Employee Stock Purchase Plan. You’ll also receive benefits including: Comprehensive medical and dental coverage, retirement benefits, a range of discounted products and free services, and for formal education related to advancing your career at Apple, reimbursement for certain educational expenses - including tuition. Additionally, this role might be eligible for discretionary bonuses or commission payments as well as relocation. Learn more about Apple Benefits.<br> <br> Note: Apple benefit, compensation and employee stock programs are subject to eligibility requirements and other terms of the applicable plan or program.</li>
 </ul>
</div>"
software engineer,California,5,11,Warner Bros Careers,https://www.indeed.com/m/basecamp/viewjob?viewtype=embedded&jk=4756a945f93de55b,Advanced Server Engineer,"<div>
 <div>
  <p><b><i>Every great story has a new beginning, and yours starts here.</i></b></p>
  <p><b><i> Welcome to Warner Bros. Discovery… the stuff dreams are made of.</i></b></p>
  <p></p>
  <p><b> Who We Are… </b></p>
  <p>When we say, “the stuff dreams are made of,” we’re not just referring to the world of wizards, dragons and superheroes, or even to the wonders of Planet Earth. Behind WBD’s vast portfolio of iconic content and beloved brands, are the <i>storytellers</i> bringing our characters to life, the<i> creators</i> bringing them to your living rooms and the <i>dreamers</i> creating what’s next…</p>
  <p></p>
  <p> From brilliant creatives, to technology trailblazers, across the globe, WBD offers career defining opportunities, thoughtfully curated benefits, and the tools to explore and grow into your best selves. Here you are supported, here you are celebrated, here you can thrive.</p>
  <p></p>
  <p> Warner Bros. Games San Diego is creating the next generation of high quality, cross-platform games that bring iconic and beloved characters to life. Join our growing team of talented game makers and be a foundational part of a dynamic new studio as we strive to make an impact on the future of AAA free-to-play games.</p>
  <p></p>
  <div>
    WB Games San Diego is seeking an Advanced Server Software Engineer who will be responsible for further enhancement of current server infrastructure and network services supporting our AAA free-to-play games.
  </div>
  <div>
    You will work on the Core Technology Engineering Team to develop high-quality, scalable server and networking features for AAA games. You should demonstrate high competency of writing backend and network service technologies and work alongside the gameplay team to provide optimal solutions for systems that scale.
  </div>
  <div></div>
  <p> This role can be FULLY REMOTE.</p>
  <p></p>
  <div>
    The ideal candidate is hard-working, hands-on, self-motivated, process-driven, and customer-oriented.
  </div>
  <div></div>
  <div>
    What part will you play?
  </div>
  <ul>
   <li>
    <div>
      Write server focused features that support high-traffic, multi-server, scalable backend systems
    </div></li>
   <li>
    <div>
      Work closely with the Feature Owners, Game Client Engineers, Game Designers and LiveOps developers on features, integration with the backend and tools
    </div></li>
   <li>
    <div>
      Work with Internal Teams integrating shared technologies
    </div></li>
   <li>
    <div>
      Optimize and improve existing networking codebase utilizing profiling tools and instruments
    </div></li>
   <li>
    <div>
      Perform peer code reviews and champion a high standard of code excellence
    </div></li>
   <li>
    <div>
      Assist in network operating upgrades &amp; future live-ops releases
    </div></li>
   <li>
    <div>
      Assess new market trends, features, network technologies, and emerging techniques to stay competitive
    </div></li>
  </ul>
  <div></div>
  <div>
    What do we need from you?
  </div>
  <ul>
   <li>
    <div>
      Minimum of 5+ years working in network engineering on multiplayer games
    </div></li>
   <li>
    <div>
      Bachelor’s Degree in Computer Science (or a related field) or equivalent work experience
    </div></li>
   <li>
    <div>
      Experience developing server side code and backend services with client interfaces
    </div></li>
   <li>
    <div>
      Experienced in C++, Python languages
    </div></li>
   <li>
    <div>
      Understanding of networking protocols (TCP, UDP, etc)
    </div></li>
   <li>
    <div>
      Familiarity with online gaming backend services such as AWS Gamelift, PlayFab, etc.
    </div></li>
   <li>
    <div>
      Concise documentation skills with attention to detail
    </div></li>
   <li>
    <div>
      Strong problem solving, debugging, and troubleshooting skills
    </div></li>
   <li>
    <div>
      Excellent communication skills working with larger team
    </div></li>
   <li>
    <div>
      Motivated team player with a positive attitude along with a strong work ethic
    </div></li>
   <li>
    <div>
      Ability to self-manage when given prioritized goals and objectives
    </div></li>
   <li>
    <div>
      Seek out opportunities to improve technically and professionally
    </div></li>
  </ul>
  <ul>
   <li>
    <div>
      Experience profiling and optimizing bandwidth for multiplayer games
    </div></li>
   <li>
    <div>
      Understanding of the Unreal networking architecture
    </div></li>
   <li>
    <div>
      Previous experience with content delivery pipelines on AAA games.
    </div></li>
   <li>
    <div>
      Intermediate to advanced knowledge working with git pipelines
    </div></li>
  </ul>
  <p></p>
  <p> #LI-Remote </p>
  <p></p>
  <p><b>How We Get Things Done…</b></p>
  <p></p>
  <p> This last bit is probably the most important! Here at WBD, our guiding principles are the core values by which we operate and are central to how we get things done. You can find them at www.wbd.com/guiding-principles/ along with some insights from the team on what they mean and how they show up in their day to day. We hope they resonate with you and look forward to discussing them during your interview.</p>
  <p></p>
  <p><b> The Legal Bits…</b></p> In compliance with local law, we are disclosing the compensation, or a range thereof, for roles in locations where legally required. Actual salaries will vary based on several factors, including but not limited to external market data, internal equity, location, skill set, experience, and/or performance. Base pay is just one component of Warner Bros. Discovery’s total compensation package for employees. Pay Range: $122,504.00 - $227,508.00 salary per year. Other rewards may include annual bonuses, short- and long-term incentives, and program-specific awards. In addition, Warner Bros. Discovery provides a variety of benefits to employees, including health insurance coverage, an employee wellness program, life and disability insurance, a retirement savings plan, paid holidays and sick time and vacation.
  <p></p> Warner Bros. Discovery embraces the opportunity to build a workforce that reflects the diversity of our society and the world around us. Being an equal opportunity employer means that we take seriously our responsibility to consider qualified candidates on the basis of merit, without regard to race, color, religion, national origin, gender, sexual orientation, gender identity or expression, age, mental or physical disability, and genetic information, marital status, citizenship status, military status, protected veteran status or any other category protected by law.
  <p></p> If you’re a qualified candidate and you require adjustments or accommodations to search for a job opening or apply for a position, please contact us at recruitadmin@wbd.com.
 </div>
</div>"
software engineer,California,5,10,INTEL,https://www.indeed.com/m/basecamp/viewjob?viewtype=embedded&jk=3008e48c9f8f6857,GPU Software Development Engineer,"<p></p>
<div>
 <h2 class=""jobSectionHeader""><b>Job Description</b></h2>
 <p><b><br> Do Something Wonderful! </b><br> Intel put the Silicon in Silicon Valley. No one else is this obsessed with engineering a brighter future. Every day, we create world changing technology that enriches the lives of every person on earth. So, if you have a big idea, let’s do something wonderful together. Join us, because at Intel, we are building a better tomorrow. Want to learn more? Visit our YouTube Channel or the links below!</p>
 <p> Life at Intel</p>
 <p><b> Diversity at Intel</b></p>
 <p></p>
 <p> As a GPU Software Development Engineer your responsibilities will include but not limited to:</p>
 <p> Develops and/or validates new cross OS software that delivers Media and Video (Encode, Decode, and Processing) acceleration on Intel's graphics architecture and future integrated and discrete GPUs.</p>
 <p> Scope can spans the entire Intel Media SW stack, from media device drivers through runtimes, APIs and the application layer.</p>
 <p> Scope also include the tools, infrastructure, and technologies necessary to develop, profile, optimize, and productize Intel GPUs or Media/graphics/GPGPU software solutions including Media IP pre-Si enabling on Simulation and Emulation, Si performance and quality optimization for Intel GPUs platforms.</p>
 <h2 class=""jobSectionHeader""><b><br> Qualifications</b></h2>
 <p><br> You must possess the below minimum qualifications to be initially considered for this position. Preferred qualifications are in addition to the minimum requirements and are considered a plus factor in identifying top candidates.</p>
 <p></p>
 <p> Minimum Qualifications:</p>
 <p> Candidate must possess a bachelor's degree in computer science, computer engineer, electrical engineer or and STEM related field with over 4+ years of experience or a master's degree in computer science, computer engineer, electrical engineer or any STEM related field 3 years of software development experience.<br> <br> 4+ year of experience in two or more of the following attributes:<br> Experience of C/C++.<br> Experience in modern technologies for HW video acceleration such as DirectX 9/11/12, MFTs, LibVA, OpenMAX.<br> Experience in video decoding and encoding for HEVC, VP9, VVC, AV1, AVC, or other new advanced codec techniques.<br> Knowledge in video processing techniques.<br> Experience in software development tools and methods on Windows or Linux.<br> <br> Preferred Qualifications:<br> Proficiency in problem solving and debugging skills.<br> Good understanding on OS internals, experience in systems and network administration.<br> Knowledge and practical experience in scripting languages bash, Perl, Python.<br> Experience working in a production software team, Agile software development and tools (JIRA, Github).</p>
 <h2 class=""jobSectionHeader""><b><br> Inside this Business Group</b></h2>
 <br> The Client Computing Group (CCG) is responsible for driving business strategy and product development for Intel's PC products and platforms, spanning form factors such as notebooks, desktops, 2 in 1s, all in ones. Working with our partners across the industry, we intend to continue to advance PC experiences to deliver the real-world performance people demand. As the largest business unit at Intel, CCG is investing more heavily in the PC, ramping its capabilities even more aggressively, and designing the PC experience even more deliberately, including delivering a predictable cadence of leadership products. As a result, we are able to fuel innovation across Intel, providing an important source of IP and scale, as well as help the company deliver on its purpose of enriching the lives of every person on earth.
 <br> 
 <h2 class=""jobSectionHeader""><b> Other Locations</b></h2>
 <br> US, Santa Clara
 <br> 
 <h2 class=""jobSectionHeader""><b> Posting Statement</b></h2>
 <br> All qualified applicants will receive consideration for employment without regard to race, color, religion, religious creed, sex, national origin, ancestry, age, physical or mental disability, medical condition, genetic information, military and veteran status, marital status, pregnancy, gender, gender expression, gender identity, sexual orientation, or any other characteristic protected by local law, regulation, or ordinance.
 <br> 
 <h2 class=""jobSectionHeader""><b> Benefits</b></h2>
 <br> We offer a total compensation package that ranks among the best in the industry. It consists of competitive pay, stock, bonuses, as well as, benefit programs which include health, retirement, and vacation. Find more information about all of our Amazing Benefits here.
 <br> 
 <br> Annual Salary Range for jobs which could be performed in US, California: $119,130.00-$178,690.00
 <br> 
 <ul>
  <li>Salary range dependent on a number of factors including location and experience</li>
 </ul>
 <h2 class=""jobSectionHeader""><b><br> Working Model</b></h2>
 <br> This role will be eligible for our hybrid work model which allows employees to split their time between working on-site at their assigned Intel site and off-site. 
 <b>In certain circumstances the work model may change to accommodate business needs.</b>
 <p><br> JobType </p>
 <p>Hybrid</p>
</div>"
software engineer,California,5,9,Netflix,https://www.indeed.com/m/basecamp/viewjob?viewtype=embedded&jk=7918b16ba0a2c3b5,"Software Engineer - Content Lifecycle Engineering (L5, Backend)","<div></div>
<div>
 <div>
  <div>
   <ul>
    <div>
     <div>
      Los Gatos, California
     </div>
    </div>
    <p></p>
    <div>
     <div>
      <div>
       <div>
         Core Engineering
       </div>
      </div>
     </div>
    </div>
   </ul>
  </div>
  <div>
   <div>
     At Netflix, our mission is to Entertain the World. We deliver billions of hours of movies and TV shows per month to more than 247 million members in over 190 countries. Content Engineering builds the products and services used by our internal and external partners to create, launch, and promote our global content. Our products enable the entire workflow of content production, from pitch to play, and provide innovative new ways to develop and manage entertainment at scale.
   </div>
   <div></div>
   <div>
    <br> You'll have a direct impact on how the Netflix studio creates and promotes shows and with an increasing slate of original content being produced every year, our products manage billions of dollars worth of content-spend. As an L5 backend engineer, you will lead the development of cross-functional projects that enable us to scale our efforts across the globe.
   </div>
   <div></div>
   <div>
    <h2 class=""jobSectionHeader""><b><br> Your Day-to-Day</b></h2>
    <ul>
     <li> Lead cross-functional projects to build new services, tools and data models to operationalize our workflows at scale.</li>
     <li> Lead small teams of engineers to implement new technologies and approaches to streamline and improve our rapid application development tooling and conventions.</li>
     <li> Participate in product reviews and team meetings, providing technical insight and perspective to your cross functional partners. You will scope, estimate, and prioritize between conflicting needs.</li>
     <li> Regularly learn new systems and tools as the Netflix platform and ecosystem evolves, and bring these learnings back to your team to improve our paved path adoption.</li>
     <li> Participate in our on-call rotation and contribute to incident reviews.</li>
    </ul>
   </div>
   <div>
    <h2 class=""jobSectionHeader""><b> You may enjoy working with us if you:</b></h2>
    <ul>
     <li> Are curious about product experiences and motivated to understand how our work impacts our users.</li>
     <li> Love brainstorming with fellow Backend and UI engineers, product designers, product managers, and directly with our users, to understand what they want, figure out what they really need, and finally, what we should build.</li>
     <li> Can deliver top-tier solutions with minimal guidance. You also recognize when you're wrong, learning from your mistakes and moving past them.</li>
     <li> Are selfless and willing to flex across the stack or into a new domain to help a teammate when needed, never thinking “that’s someone else’s job”.</li>
     <li> Strive to embrace best practices and are always searching for opportunities to continually improve.</li>
    </ul>
   </div>
   <div>
    <h2 class=""jobSectionHeader""><b> We would love to work with you if you:</b></h2>
    <ul>
     <li> Are adept at building applications with an Object Oriented language. We work with Java primarily, so an interest in learning and coding in Java is desirable.</li>
     <li> Excel in developing microservice based distributed systems with high availability, throughput, fault tolerance, and performance.</li>
     <li> Are experienced in utilizing relational and non-relational data stores.</li>
     <li> Have a strong sense of independence, bias towards action, and inclination for collaboration. We live by our values, learn more about our unique culture here.</li>
    </ul>
   </div>
   <div></div>
   <div>
    <br> At Netflix, we carefully consider a wide range of compensation factors to determine your personal top of market. We rely on market indicators to determine compensation and consider your specific job, skills, and experience to get it right. These considerations can cause your compensation to vary and will also be dependent on your location.
   </div>
   <div></div>
   <div>
    <br> The overall market range for roles in this area of Netflix is typically $100,000 - $700,000
   </div>
   <div></div>
   <div>
    <br> This market range is based on total compensation (vs. only base salary), which is in line with our compensation philosophy. Netflix is a unique culture and environment. Learn more here.
   </div>
  </div>
 </div>
</div>
<p></p>"
software engineer,California,5,8,Apple,https://www.indeed.com/m/basecamp/viewjob?viewtype=embedded&jk=93a2a40fdccffb61,Frameworks Engineer,"<div>
 <b>Summary</b>
 <br> 
 <br> Posted: Dec 5, 2023 
 <br> 
 <br> Weekly Hours: 
 <b>40</b> 
 <br> 
 <br> Role Number:
 <b>200519563</b>
 <br> 
 <br> In Sensing &amp; Connectivity, we use on-device sensors and wireless technologies to understand motion and orientation, help pinpoint location, understand the environment, and combine on-device data with machine learning to create more immersive experiences. As a Frameworks Engineer on the Location &amp; Motion team, you will be responsible for developing innovative frameworks that support customer-facing features on Apple platforms like iOS. You’ll collaborate closely with passionate and creative colleagues to meet ambitious goals in an environment that requires constant curiosity and growth. 
 <br> 
 <br> 
 <b>Key Qualifications</b>
 <br> 
 <br> Key Qualifications
 <br> 
 <br> 
 <br> 
 <ul>
  <li>Proficiency with Swift or similar embedded programming language </li>
  <li>Ability to work collaboratively and explain complex ideas clearly </li>
  <li>Experience writing or maintaining frameworks, libraries, or packages </li>A strong foundation in algorithm development, computer science, and real-world programming. 
 </ul>
 <br> 
 <br> 
 <b>Description</b>
 <br> 
 <br> Description 
 <br> 
 <br> The Location &amp; Motion team is actively looking for a highly motivated Frameworks Engineer to design and build foundational components that leverage on-device sensing and intelligence. We have an exciting roadmap and our team is growing. As a Frameworks Engineer on our team, you will design and implement new features and APIs in frameworks and champion innovative solutions to improve the product and team. You’ll also collaborate with outstanding engineering and cross-functional partners who will help you succeed and grow as we deliver incredible user experiences together. You will be responsible for bringing your ideas to life through all stages of development, from initial research, to modeling and prototyping, to architectural and API design, to implementation in Swift. 
 <br> 
 <br> 
 <b>Education &amp; Experience</b>
 <br> 
 <br> Education &amp; Experience 
 <br> 
 <br> You will need solid software engineering fundamentals - including data structures &amp; algorithms, object-oriented design, and concurrency - to be successful in this role, but a specific degree or concentration is not required. A proven track record of shipping applications / delivering code to production is a plus. 
 <br> 
 <br> 
 <b>Additional Requirements</b>
 <br> 
 <br> Additional Requirements
 <br> 
 <br> 
 <br> 
 <ul>
  <li>Experience with any of the following is a plus, but not required: </li>
  <ul>
   <li>MATLAB </li>
   <li>Data analysis </li>
   <li>AI/ML </li>
   <li>Math and Physics<br> </li>
  </ul>
 </ul>
 <br> 
 <br> 
 <b>Pay &amp; Benefits</b>
 <br> 
 <br> Pay &amp; Benefits
 <br> 
 <br> 
 <br> 
 <ul>
  <li>At Apple, base pay is one part of our total compensation package and is determined within a range. This provides the opportunity to progress as you grow and develop within a role. The base pay range for this role is between $138,900 and $256,500, and your base pay will depend on your skills, qualifications, experience, and location.<br> <br> Apple employees also have the opportunity to become an Apple shareholder through participation in Apple’s discretionary employee stock programs. Apple employees are eligible for discretionary restricted stock unit awards, and can purchase Apple stock at a discount if voluntarily participating in Apple’s Employee Stock Purchase Plan. You’ll also receive benefits including: Comprehensive medical and dental coverage, retirement benefits, a range of discounted products and free services, and for formal education related to advancing your career at Apple, reimbursement for certain educational expenses - including tuition. Additionally, this role might be eligible for discretionary bonuses or commission payments as well as relocation. Learn more about Apple Benefits.<br> <br> Note: Apple benefit, compensation and employee stock programs are subject to eligibility requirements and other terms of the applicable plan or program.</li>
 </ul>
</div>"
software engineer,California,5,7,Tesla,https://www.indeed.com/m/basecamp/viewjob?viewtype=embedded&jk=88767db1dbfc8999,"Simulation Software Engineer, Tesla Bot","<div>
 What to Expect
 <div>
  <div>
   <div>
    <div>
      Tesla is on a path to build humanoid bi-pedal robots at scale to automate repetitive and boring tasks for manufacturing/logistics. As a member of Tesla's Autopilot Simulation team, you will be in a unique position to accelerate the pace at which the Tesla Bot Autonomy stack improves over time. The main ways in which the simulation team realizes this include:
    </div>
   </div>
   <div></div>
   <div>
    <br> 
    <ul>
     <li> Building core components to virtualize all aspects of Tesla Bot into our Simulator.</li>
     <li> Testing all Tesla Bot software releases for regressive behavior.</li>
     <li> Generating synthetic data sets for neural network training.</li>
    </ul>
   </div>
  </div>
  <div>
   <div>
     You will contribute to the development of the simulation by building models and simulation tools that are capable of virtually prototyping the system for fast, iterative development and robust validation. Your responsibilities will be split between feature creation and tool development to allow for quicker workflow across the Tesla Bot team.
   </div>
  </div>
 </div>
 <br> What You’ll Do
 <div>
  <div>
   <ul>
    <li> Contributing to the development of a modular, scalable simulation platform.</li>
    <li> Work with all members of the Tesla Bot team to understand the simulation requirements and develop tools to meet those needs.</li>
    <li> Keep up to date with the latest research/technologies in the fields of humanoid robotics and simulation.</li>
    <li> Contribute to team member development through leadership.</li>
   </ul>
  </div>
 </div> What You’ll Bring
 <div>
  <div>
   <ul>
    <li> Excellent software development skills in C++.</li>
    <li> Experience developing robust software that shipped to production.</li>
    <li> Strong mathematical skills including linear algebra and numerical methods.</li>
    <li> Bachelor's, Master's or Ph.D in Engineering, Computer Science, or equivalent.</li>
    <li> Comfortable developing with Linux &amp; Git.</li>
    <li> Enthusiasm to take on new challenges and learn new skills.</li>
   </ul>
   <p> Extra but not required:</p>
   <br> 
   <ul>
    <li> Background in physics, robotics, or linear algebra/geometry.</li>
    <li> Experience working on a robotics physics engine like Drake, MuJoCo and other.</li>
    <li> Low level systems programming in C or C++.</li>
   </ul>
  </div>
 </div>
</div>"
software engineer,California,5,6,Blackhawk Network,https://www.indeed.com/m/basecamp/viewjob?viewtype=embedded&jk=0dafde58645ef42a,Staff Software Engineer,"<div>
 About Blackhawk Network: 
 <div>
   At Blackhawk Network, we shape the future of global branded payments through the prepaid products, technologies and network that connect brands and people. Our collaborative innovation and scalable, security-minded solutions help our partners to increase reach, loyalty and revenue. We believe our future holds great things for Blackhawk Network and its partners. We believe that together, we can shape the future. Our beliefs? Win as one team, be innovative, global excellence and be inspiring!
 </div> Overview: 
 <div>
   Blackhawk Network is at the forefront of digital innovation, seeking a proficient Staff Software Engineer specializing in the Adobe Experience Platform (AEP), this role is pivotal in orchestrating data-driven strategies aligned with business objectives. Leveraging deep expertise in Adobe suites such as Adobe Analytics, Audience Manager, AEM, Target, Adobe Journey Optimizer, and more, this position focuses on optimizing performance and extracting actionable insights to drive informed decision-making.
 </div> Responsibilities: 
 <ul>
  <li>Spearhead data orchestration efforts within the Adobe Experience Platform, focusing on Real-Time Customer Data Platform (RT-CDP) capabilities and leveraging Adobe suites such as Adobe Analytics, Audience Manager, AEM, Target, and Adobe Journey Optimizer.</li>
  <li> Utilize a range of Adobe tools including Web SDK, XDM schemas, and Adobe Experience Platform tools for seamless data integration, analysis, and optimization.</li>
  <li> Collaborate across teams to integrate and optimize the usage of Adobe Experience Platform tools within existing systems and workflows to maximize efficiency and effectiveness.</li>
  <li> Contribute to the design and implementation of comprehensive data-driven solutions, ensuring alignment with business objectives and scalability.</li>
  <li> Implement robust data governance strategies, ensuring compliance with data privacy regulations and industry standards.</li>
  <li> Maintain comprehensive documentation and reports regarding data orchestration processes, ensuring clear communication across stakeholders.</li>
  <li> Create and implement data-centric strategies in line with business objectives, utilizing Google Analytics (GA) and Adobe Customer Journey Analytics (CJA) to measure and enhance performance.</li>
  <li> Leverage GA and CJA to derive actionable insights and trends from extensive datasets, enabling informed and strategic decision-making processes.</li>
 </ul> Qualifications: 
 <ul>
  <li>Bachelor's or Master's degree in Computer Science or equivalent field.</li>
  <li> 8+ years of hands-on experience in Adobe Experience Platform, specializing in data orchestration and RT-CDP functionalities.</li>
  <li> Proficiency in Adobe Analytics, Audience Manager, AEM, Target, Adobe Journey Optimizer, Web SDK, and XDM schemas.</li>
  <li> Strong understanding of data orchestration practices, workflows, and integration strategies within the Adobe ecosystem.</li>
  <li> Proven track record of successfully implementing data-driven solutions aligned with business objectives.</li>
  <li> Excellent communication skills, capable of effectively collaborating with cross-functional teams.</li>
  <li> Demonstrated capacity to strategize, plan and execute multiple priorities within a dynamic environment, ensuring the prompt delivery of top-quality AEP solutions.</li>
 </ul>
 <div></div>
 <div>
  <br> If you are a seasoned professional with a deep understanding of Adobe Experience Platform tools and a passion for driving data orchestration strategies, we invite you to apply and be part of our innovative team at Blackhawk Network.
 </div> Benefits: 
 <div>
   Salary Range for California Residents Only: $125,430.00 to $191,535.00
 </div>
 <div></div>
 <div>
  <br> Pay is based on several factors including but not limited to education, work experience, certifications, etc. In addition to your salary, Blackhawk Network offers benefits including 401k with employer match, medical, dental, vision, 12 paid holidays in the year, 1 hour of sick pay accrual for every 30 hours worked, parental leave, life insurance, disability insurance, accident and illness insurance, health and dependent care flexible spending accounts, wellness benefits, and flexible time off for all full-time employees. 
 </div>EEO Statement: 
 <div>
   Blackhawk Network provides equal employment opportunities to all employees and applicants for employment and prohibits discrimination and harassment of any type without regard to race, color, religion, age, sex, national origin, disability status, genetics, protected veteran status, sexual orientation, gender identity or expression, or any other characteristic protected by federal, state or local laws. Blackhawk Network believes that diversity leads to strength. This policy applies to all terms and conditions of employment, including recruiting, hiring, placement, promotion, termination, layoff, recall, transfer, leaves of absence, compensation, and training.
 </div>
 <div></div>
 <div>
  <br> Blackhawk Network encourages applicants with previous criminal records to apply to all positions and, pursuant to the San Francisco and Los Angeles Fair Chance Acts (and other “Fair Chance” laws), Blackhawk Network will consider for employment qualified applicants with arrest and conviction records. For Philadelphia applicants or jobs, please see a copy of Philadelphia’s ordinance on this topic by clicking this link: https://codelibrary.amlegal.com/codes/philadelphia/latest/philadelphia_pa/0-0-0-280104.
 </div>
</div>"
software engineer,California,5,5,Apple,https://www.indeed.com/m/basecamp/viewjob?viewtype=embedded&jk=933293c59adac44b,Software Development Engineer - Applications,"<div>
 <b>Summary</b>
 <br> 
 <br> Posted: Dec 4, 2023 
 <br> 
 <br> Weekly Hours: 
 <b>40</b> 
 <br> 
 <br> Role Number:
 <b>200525252</b>
 <br> 
 <br> Imagine what you can do here. Apple is a place where extraordinary people gather to do their lives best work. Together we create products and experiences people once couldn’t have imagined, and now, can’t imagine living without. It’s the diversity of those people and their ideas that inspires the innovation that runs through everything we do. 
 <br> 
 <br> 
 <b>Key Qualifications</b>
 <br> 
 <br> Key Qualifications
 <br> 
 <br> 
 <br> 
 <ul>
  <li>Master’s degree or foreign equivalent in Computer Science, Information Technology, Data Science or related field. </li>
  <li>Experience and/or education must include: </li>
  <li>Javascript </li>
  <li>SQL </li>
  <li>Python </li>
  <li>Data Science and Machine Learning </li>Spark 
 </ul>
 <br> 
 <br> 
 <b>Description</b>
 <br> 
 <br> Description 
 <br> 
 <br> APPLE INC has the following available in Cupertino, California and various unanticipated locations throughout the USA. Design and develop software for business intelligence applications. Design and develop software systems to support product functionality and processes, implementing for reliability, availability, scalability and performance. Produce and review high-level and detailed technical designs following Apple standards for a range of subject areas. Ensure software code is based on functional specification and technical design, and adhere to development techniques and standards ensuring reliability, performance, and security. Collaborate with peers on technical design, and other teams and project managers to help plan dependencies and timelines. Keep up to date on new technologies and offer analysis of present or future benefit to Apple. Leverage technology advances through tactical and strategic technology solutions, reference architectures, frameworks, and components. Influence work of internal teams to ensure best-in-class solutions. 40 hours/week. At Apple, base pay is one part of our total compensation package and is determined within a range. This provides the opportunity to progress as you grow and develop within a role. The base pay range for this role is between $138,900 - $208,300/yr and your base pay will depend on your skills, qualifications, experience, and location. PAY &amp; BENEFITS: Apple employees also have the opportunity to become an Apple shareholder through participation in Apple’s discretionary employee stock programs. Apple employees are eligible for discretionary restricted stock unit awards, and can purchase Apple stock at a discount if voluntarily participating in Apple’s Employee Stock Purchase Plan. You’ll also receive benefits including: Comprehensive medical and dental coverage, retirement benefits, a range of discounted products and free services, and for formal education related to advancing your career at Apple, reimbursement for certain educational expenses - including tuition. Additionally, this role might be eligible for discretionary bonuses or commission payments as well as relocation. Learn more about Apple Benefits: https://www.apple.com/careers/us/benefits.html. Note: Apple benefit, compensation and employee stock programs are subject to eligibility requirements and other terms of the applicable plan or program. Apple is an Equal Employment Opportunity Employer that is committed to inclusion and diversity. We also take affirmative action to offer employment and advancement opportunities to all applicants, including minorities, women, protected veterans, and individuals with disabilities. 
 <br> 
 <br> 
 <b>Education &amp; Experience</b>
 <br> 
 <br> Education &amp; Experience 
 <br> 
 <br> 
 <b>Additional Requirements</b>
 <br> 
 <br> Additional Requirements
</div>"
software engineer,California,5,4,"ESRI, Inc.",https://www.indeed.com/m/basecamp/viewjob?viewtype=embedded&jk=637c93c76f6dc178,Software Developer II - GeoAnalytics,"<div>
 Overview: 
 <div>
   Would you like to help build big data access technologies that allow server, desktop, and mobile applications to work with a rich spatiotemporal information model that includes features, relationships, networks, and topologies? Are you interested in developing analytic and data science frameworks for big data and distributed processing using Hadoop and Spark? Join our ArcGIS GeoAnalytics development team and work on aggressive projects involving massive datasets, scalability, analytics, and a diverse computational platform.
 </div> Responsibilities: 
 <ul>
  <li>Work on solutions for spatiotemporal data access and management of large datasets that are persisted in a database or distributed file system</li>
  <li> Implement tools and algorithms that support spatio-temporal analytic and machine learning workflows</li>
  <li> Build software components that follow industry-standard modern design patterns, development methodologies, and deployment models</li>
  <li> Interact with other team members to develop robust software frameworks and solutions</li>
 </ul> Requirements: 
 <ul>
  <li>2+ years of programming experience with data structures and algorithms in Scala or Java</li>
  <li> Knowledge of frameworks in the Hadoop ecosystem, particularly Spark</li>
  <li> Familiarity with SQL</li>
  <li> Background in OO design and development and functional programming</li>
  <li> Desire to research, design, author, test, debug, and profile source code</li>
  <li> Excellent written and verbal communication skills</li>
  <li> Bachelor’s degree in computer science or related field</li>
 </ul> Recommended Qualifications: 
 <ul>
  <li>Distributed algorithm programming skills with the Spark framework</li>
  <li> Experience with functional programming languages, such as Scala or Java 8</li>
  <li> Knowledge of relational database technologies, such as Oracle, SQL Server, SQLite, or Postgres</li>
  <li> Familiarity with spatio-temporal data concepts and techniques</li>
  <li> Previous involvement in a large software development project</li>
  <li> Academic training in GIS and/or knowledge of GIS/Esri software</li>
  <li> Master's degree or PhD in computer science</li>
 </ul> The Company: 
 <div>
   Our passion for improving quality of life through geography is at the heart of everything we do. Esri’s geographic information system (GIS) technology inspires and enables governments, universities, and businesses worldwide to save money, lives, and our environment through a deeper understanding of the changing world around them.
  <br> 
  <br> Esri is an equal opportunity employer (EOE) and all qualified applicants will receive consideration for employment without regard to race, color, religion, sex, sexual orientation, gender identity, national origin, disability status, protected veteran status, or any other characteristic protected by law.
  <br> 
  <br> If you need a reasonable accommodation for any part of the employment process, please email askcareers@esri.com and let us know the nature of your request and your contact information. Please note that only those inquiries concerning a request for reasonable accommodation will be responded to from this e-mail address.
  <br> 
  <br> Esri’s competitive total rewards strategy includes industry-leading health and welfare benefits: medical, dental, vision, basic and supplemental life insurance for employees (and their families), 401(k) and profit-sharing programs, minimum accrual of 80 hours of vacation leave, twelve paid holidays throughout the calendar year, and opportunities for personal and professional growth. Base salary is one component of our total rewards strategy. Compensation decisions and the base range for this role take into account many factors including but not limited to skill sets; experience and training; licensure and certifications; and other business and organizational needs.
 </div>
 <div></div>
 <div>
  <br> A reasonable estimate of the base salary range is $93,600.00 - $156,000.00.
 </div>
 <div></div>
 <div>
  <br> #LI-JO1
 </div>
 <div>
   #LI-Remote
 </div>
</div>"
software engineer,California,5,3,TikTok,https://www.indeed.com/m/basecamp/viewjob?viewtype=embedded&jk=3dc5c335ce491837,"Network Software Development Engineer, Intent-Based Networking","Responsibilities 
<br>TikTok is the leading destination for short-form mobile video. Our mission is to inspire creativity and bring joy. TikTok has global offices including Los Angeles, New York, London, Paris, Berlin, Dubai, Singapore, Jakarta, Seoul and Tokyo. 
<br>
<br> Why Join Us 
<br>At TikTok, our people are humble, intelligent, compassionate and creative. We create to inspire - for you, for us, and for more than 1 billion users on our platform. We lead with curiosity and aim for the highest, never shying away from taking calculated risks and embracing ambiguity as it comes. Here, the opportunities are limitless for those who dare to pursue bold ideas that exist just beyond the boundary of possibility. Join us and make impact happen with a career at TikTok. 
<br>
<br> Our Networking team brings together innovative ideas and technologies from network architecture, software defined networking (SDN), network virtualization, switch software and hardware co-design, and high-speed networking, to create hyperscale data-center networking solutions that power several of the most popular apps of the world such as Douyin and TikTok which serve hundreds of millions of users around the globe. 
<br>
<br> The Networking team is responsible for designing, building, and operating the global, intelligent network infrastructure to meet the requirements of high availability, scalability, and high-performance. By joining this team, you will gain marketable software development and/or network operation experiences in data center networking at massive scale. 
<br>
<br> 
<b>Responsibilities:</b>
<br> 
<ul> 
 <li>Develop software to achieve datacenter network management automation, intelligence, and digitalization, and to improve network delivery efficiency and stability;</li> 
 <li>Build platform products and tooling services with network planning, deployment, change, verification, and analytics capabilities to support the whole lifecycle of network engineering.</li> 
</ul> Qualifications 
<br>
<ul> 
 <li>Bachelor degree or above, major in CS, EE and other related majors;</li> 
 <li>Familiar with HTML , CSS , JavaScript , TypeScript, and other front-end technologies;</li> 
 <li>Proficient in at least one back-end programming language, Python/Go/C/C++/Rust among others;</li> 
 <li>Familiar with mainstream SQL and NoSQL database working principles, with database programming and optimization skills;</li> 
 <li>Have strict disciplines on code and design quality, serious on Code Review, and have good coding styles and practices;</li> 
 <li>Have curiosity, motivation, and a strong thirst for knowledge, and keen on the cutting-edge technologies in industry</li> 
</ul> TikTok is committed to creating an inclusive space where employees are valued for their skills, experiences, and unique perspectives. Our platform connects people from across the globe and so does our workplace. At TikTok, our mission is to inspire creativity and bring joy. To achieve that goal, we are committed to celebrating our diverse voices and to creating an environment that reflects the many communities we reach. We are passionate about this and hope you are too. 
<br>
<br> TikTok is committed to providing reasonable accommodations in our recruitment processes for candidates with disabilities, pregnancy, sincerely held religious beliefs or other reasons protected by applicable laws. If you need assistance or a reasonable accommodation, please reach out to us at heather.wang@tiktok.com 
<br>Job Information 
<br>The base salary range for this position in the selected city is $187040 - $280000 annually. 
<br>
<br> ​ 
<br>
<br> Compensation may vary outside of this range depending on a number of factors, including a candidate’s qualifications, skills, competencies and experience, and location. Base pay is one part of the Total Package that is provided to compensate and recognize employees for their work, and this role may be eligible for additional discretionary bonuses/incentives, and restricted stock units. 
<br>
<br> ​ 
<br>
<br> Our company benefits are designed to convey company culture and values, to create an efficient and inspiring work environment, and to support our employees to give their best in both work and life. We offer the following benefits to eligible employees: 
<br>
<br> ​ 
<br>
<br> We cover 100% premium coverage for employee medical insurance, approximately 75% premium coverage for dependents and offer a Health Savings Account(HSA) with a company match. As well as Dental, Vision, Short/Long term Disability, Basic Life, Voluntary Life and AD&amp;D insurance plans. In addition to Flexible Spending Account(FSA) Options like Health Care, Limited Purpose and Dependent Care. 
<br>
<br> ​ 
<br>
<br> 
<b>Our time off and leave plans are:</b> 10 paid holidays per year plus 17 days of Paid Personal Time Off (PPTO) (prorated upon hire and increased by tenure) and 10 paid sick days per year as well as 12 weeks of paid Parental leave and 8 weeks of paid Supplemental Disability. 
<br>
<br> ​ 
<br>
<br> We also provide generous benefits like mental and emotional health benefits through our EAP and Lyra. A 401K company match, gym and cellphone service reimbursements. The Company reserves the right to modify or change these benefits programs at any time, with or without notice."
software engineer,California,5,2,Apple,https://www.indeed.com/m/basecamp/viewjob?viewtype=embedded&jk=24f829ec9a1b1a3b,Motion Software Engineer,"<div>
 <b>Summary</b>
 <br> 
 <br> Posted: Nov 29, 2023 
 <br> 
 <br> Weekly Hours: 
 <b>40</b> 
 <br> 
 <br> Role Number:
 <b>200520766</b>
 <br> 
 <br> Imagine what you could do here! At Apple, new ideas have a way of becoming extraordinary products, services, and customer experiences very quickly. Bring passion and dedication to your job and there’s no telling what you could accomplish. Here in Sensing and Connectivity we work on a diverse set of fundamental technologies that are critical to making Apple Apple. We help integrate wireless technologies such as WiFi, Bluetooth and Ultra-Wideband into compelling solutions. We take data from the world around us such as acceleration, orientation and location to provide more immersive experiences. iPhone, iPad, AirPods, Apple Watch, Mac, Apple TV, HomePod, AirTag, name an Apple product and our team has made major contributions to its success! The CoreMotion Motion &amp; Interaction team has created innovative ways for users to interact with their devices through motion. When you play games by simply moving your devices, or use the compass to find your way, it’s the work of engineers and scientists on this team. Join the CoreMotion and work with the people who have created the sensor fusion technologies and motion gestures that power games, spatial audio, augmented reality and numerous other features on Apple’s devices. 
 <br> 
 <br> 
 <b>Key Qualifications</b>
 <br> 
 <br> Key Qualifications
 <br> 
 <br> 
 <br> 
 <ul>
  <li>Strong C++ coding skills </li>
  <li>Solid understanding of algorithm design and development </li>
  <li>Strong and intuitive understanding of object-oriented designs and data structures </li>
  <li>Experience writing code for embedded or real-time systems </li>Effective communication skills, written and verbal, and attention to detail 
 </ul>
 <br> 
 <br> 
 <b>Description</b>
 <br> 
 <br> Description 
 <br> 
 <br> We are looking for someone to work on software driving motion sensor fusion and interactive technologies. Most importantly, you will help ship customer-facing features that impact millions of users daily. Roles and responsibilities include bringing up motion features on new hardware platforms, designing, implementing and maintaining APIs and algorithms for iOS, watchOS and embedded systems, optimizing implementations for power, memory and performance, and close coordination with multi-disciplinary teams across the company. 
 <br> 
 <br> 
 <b>Education &amp; Experience</b>
 <br> 
 <br> Education &amp; Experience 
 <br> 
 <br> We are looking for someone with a Bachelor's or Master’s degree in Computer Science, EECS, or equivalent experience. 
 <br> 
 <br> 
 <b>Additional Requirements</b>
 <br> 
 <br> Additional Requirements
 <br> 
 <br> 
 <br> Familiarity with Objective-C or Swift is a plus.
 <br> 
 <ul></ul>
 <br> 
 <br> 
 <b>Pay &amp; Benefits</b>
 <br> 
 <br> Pay &amp; Benefits
 <br> 
 <br> 
 <br> 
 <ul>
  <li>At Apple, base pay is one part of our total compensation package and is determined within a range. This provides the opportunity to progress as you grow and develop within a role. The base pay range for this role is between $116,100 and $208,300 annualized, and your base pay will depend on your skills, qualifications, experience, and location.<br> <br> Apple employees also have the opportunity to become an Apple shareholder through participation in Apple’s discretionary employee stock programs. Apple employees are eligible for discretionary restricted stock unit awards, and can purchase Apple stock at a discount if voluntarily participating in Apple’s Employee Stock Purchase Plan. You’ll also receive benefits including: Comprehensive medical and dental coverage, retirement benefits, a range of discounted products and free services, and for formal education related to advancing your career at Apple, reimbursement for certain educational expenses - including tuition. Additionally, this role might be eligible for discretionary bonuses or commission payments as well as relocation. Learn more about Apple Benefits.<br> <br> Note: Apple benefit, compensation and employee stock programs are subject to eligibility requirements and other terms of the applicable plan or program.</li>
 </ul>
</div>"
